Words,Similarity
trees,1.0
vegetation,0.6654915
shrub,0.6282689
bushes,0.6114163
deadfall,0.5587683
arborist,0.54671985
poplar,0.5400099
poinsettia,0.5178155
prune,0.517274
cactus,0.5150427
winterberry,0.51248074
garden,0.5084151
cedar,0.49433804
plants,0.49018916
insects,0.49013427
wood,0.48919266
mistletoe,0.4874924
flower,0.48676255
honeysuckle,0.48670882
pine,0.48492447
ivy,0.48028257
wetland,0.47543997
decorations,0.47173014
thorns,0.47125244
houseplant,0.46760014
orchard,0.46684074
bulb,0.4659884
deer,0.4626733
rainforest,0.46045816
bush,0.4584875
pergola,0.45398256
acorn,0.45229423
bamboo,0.44928113
animals,0.448742
dune,0.4412106
bark,0.4403097
apples,0.43615198
pinecone,0.43537042
hyacinth,0.4326767
fauna,0.43074402
mayflower,0.43069512
planter,0.4304547
birdseed,0.42972234
cornstalk,0.42661732
habitat,0.42424175
chainsaw,0.42364886
gazebo,0.42350984
lamppost,0.42100343
dandelion,0.42024744
woodpecker,0.42001465
clover,0.41956025
greenhouse,0.4185149
chrysanthemum,0.41794816
apple,0.41652668
crabgrass,0.41644022
creek,0.41359362
farmland,0.40778425
compost,0.40526018
steeple,0.4043573
cones,0.4039975
snakes,0.4029017
squirrel,0.40096116
dahlia,0.40046373
gourd,0.3991786
landscaper,0.39818454
fence,0.395022
fungus,0.39490762
goats,0.39482328
rocks,0.39311513
beanstalk,0.39298737
photosynthesis,0.39282745
birdhouse,0.3917208
treetop,0.39070046
melon,0.38739377
asparagus,0.38653547
maypole,0.38549936
mushrooms,0.3849714
driveway,0.3845876
strawberry,0.38253495
nutcrackers,0.38207382
sparrow,0.37959814
pollen,0.37904525
apricot,0.37893406
walkway,0.37809548
hay,0.37702748
wires,0.37599188
greens,0.3744515
chickadee,0.37399998
lake,0.37359163
shingles,0.37303042
fishhooks,0.37151167
marigold,0.37118608
boulder,0.37095603
glasshouse,0.3707982
embankment,0.37034434
needles,0.3696851
sugarcane,0.36815277
roadside,0.36814258
duckweed,0.3680815
larvae,0.3679038
sandalwood,0.36612532
backyard,0.36472768
riverbed,0.36372605
monument,0.36271665
pond,0.36181858
mango,0.36178786
crossway,0.3613799
porch,0.3606797
bubblewrap,0.36009955
emerald,0.35975158
sunflower,0.3593148
blueberry,0.3586033
nest,0.3569062
papaya,0.35654038
archway,0.3557261
caterpillar,0.3549495
glowworm,0.35494706
gum,0.35442275
critter,0.3544157
whittler,0.35407838
savannah,0.354015
tomato,0.35360572
parsnip,0.35194975
pest,0.35143965
landscape,0.34966138
crane,0.34934685
rivers,0.34908882
citrus,0.34873772
heron,0.34791622
hill,0.34697214
bulldozer,0.34695953
trunk,0.34613505
dragonfly,0.34586015
cane,0.34488449
tundra,0.34485716
wigwam,0.34408396
substation,0.34240797
fig,0.34206432
chlorophyll,0.34123123
waterfall,0.34001333
avacado,0.34000143
boardwalk,0.33932796
stone,0.3391023
pineapple,0.338934
reed,0.33862996
heirloom,0.33806586
feet,0.33801135
lawnmower,0.33682367
ecosystem,0.3367951
rainwater,0.33656424
wasp,0.3363902
kindling,0.3354081
grape,0.33456504
blossom,0.33405894
algae,0.33367383
avocado,0.33260143
tigers,0.33194965
spearmint,0.33113402
blacktop,0.3305656
patio,0.33053195
drainage,0.33051047
asphalt,0.33014554
clutter,0.32995617
tarp,0.32985875
tower,0.32971442
fertilization,0.32893723
canyon,0.32844305
sunfish,0.32842556
fields,0.32792646
gingersnap,0.32783216
gibbon,0.32712403
cats,0.32705617
entomologist,0.32699063
park,0.32675472
plywood,0.326582
daisy,0.32657233
cashew,0.32654563
sunroom,0.32571256
jungle,0.32449788
marmot,0.32437566
parsley,0.32410428
icecap,0.32380968
cantaloupe,0.32329667
frankincense,0.3231143
ringtail,0.3224895
trout,0.3220096
nativity,0.321782
river,0.321461
beams,0.32126284
thyme,0.32114577
cemetery,0.32113743
gorge,0.3206456
fawn,0.32026857
biosphere,0.31991497
limestone,0.31985593
excavator,0.31972608
fireplace,0.31956804
buzzard,0.3192747
cherry,0.31908822
mildew,0.3190792
majestic,0.31858078
machete,0.31841102
rubble,0.31717002
scenery,0.3169486
marshmallows,0.31688762
teepee,0.31670335
tollhouse,0.31670013
leaves,0.31659487
rain,0.31571832
tusk,0.31505996
shovel,0.31499285
raccoon,0.3140797
bog,0.3135055
teeth,0.31326988
gobbler,0.3130549
vegetable,0.31299025
carcass,0.31296962
pothole,0.31281683
machetes,0.31268203
entryway,0.3123356
possum,0.3121551
harvester,0.3109545
fountain,0.31062105
roadwork,0.31022564
beaver,0.3101626
arachnids,0.31004032
people,0.30993694
cornhusk,0.30949464
broccoli,0.3094186
fishpond,0.3093973
boysenberry,0.3089908
lampshade,0.308484
coyote,0.3081148
bloomers,0.30789444
sun,0.30749634
flytrap,0.3071382
sunbird,0.30667225
snowplow,0.30646488
sleigh,0.305932
shamrock,0.30516598
pagoda,0.30496016
brick,0.30481294
watercress,0.30463782
clouds,0.3045073
geode,0.3044137
sweepings,0.30437776
chicory,0.3043112
primates,0.30431113
pinwheel,0.30417508
macadamia,0.30389088
paintbrush,0.303841
tombstone,0.30358455
cinder,0.3031604
hair,0.30229634
toucan,0.30210125
sundial,0.30196622
campfire,0.3016323
sandblaster,0.3011655
sculpture,0.30081126
carnation,0.3005881
eggs,0.30050293
granite,0.3004559
reptile,0.30045387
dogs,0.30003893
horses,0.29984385
flamingo,0.29958794
pheasant,0.29907897
mountain,0.29907733
kite,0.29882038
kitten,0.29845783
rye,0.29832974
crow,0.29781377
panther,0.29738066
carbondioxide,0.29681113
airfield,0.29622197
fireworks,0.29621464
marsupial,0.2959441
turtle,0.2956076
wormwood,0.29500094
rabbit,0.2944418
nails,0.29437548
beard,0.29434696
cornea,0.29411802
fertilizer,0.29394895
ladybird,0.29353106
bison,0.29317716
tooth,0.29311204
ax,0.29308945
cardboard,0.29298726
concrete,0.29287177
corn,0.29241106
okra,0.29233304
mussels,0.2914157
tarantulas,0.29106453
pagan,0.2909962
livestock,0.2902778
homestead,0.28967285
dinosaurs,0.2893066
them,0.28891775
intersection,0.28851134
lagoon,0.28849375
hailstone,0.28831103
wolves,0.28820994
sewer,0.28783357
meetinghouse,0.28774327
wallpaper,0.2875065
shellfish,0.28745493
earwig,0.28733435
trash,0.28670985
almond,0.28658763
ornithologist,0.28645423
conservationist,0.28642055
dividers,0.28632662
macaw,0.28595454
skunk,0.28577033
bee,0.28576538
bumblebee,0.2853946
blade,0.28526354
neighborhood,0.28511783
gardner,0.28510675
cub,0.28479105
blackbird,0.28463444
gnome,0.28461635
thoroughfare,0.28437483
mushroom,0.284285
natives,0.28397667
runway,0.28392068
hemp,0.28379568
licorice,0.2837798
fox,0.28367922
playhouse,0.2834706
cattle,0.28341362
axes,0.28338444
puppy,0.28312176
windscreen,0.2830771
stepladder,0.28305885
electricity,0.28286394
crayfish,0.28284234
trachea,0.28274783
babies,0.28252757
grasshopper,0.2820399
mongoose,0.28152376
bridge,0.2812175
sawmill,0.2810447
housefly,0.28049496
outhouse,0.28014094
roofline,0.27977875
candyland,0.27959055
holidays,0.27951223
fruitcake,0.27929208
farm,0.2790686
graffiti,0.27866015
tassel,0.27825662
pegboard,0.2781878
dreamcatcher,0.27762112
copperhead,0.2772574
stairway,0.2770534
causeway,0.27646863
hydroponics,0.27628678
jellyfish,0.2762597
orange,0.27606907
gingerroot,0.27595118
breezeway,0.27586016
ant,0.2757114
silverback,0.27566868
burn,0.27564934
girl,0.27552658
linoleum,0.27547258
turkey,0.27544874
cake,0.27524248
campground,0.27509612
artwork,0.2745428
eggplant,0.27450082
drainpipe,0.2744796
firework,0.27429938
packhorse,0.2742827
drywall,0.2741421
plumage,0.27382717
hummer,0.27324682
creature,0.27302825
plankton,0.27286074
womb,0.27278748
pail,0.27272666
putt,0.2724898
hose,0.27226898
butterfly,0.27220345
cannabis,0.27217925
lakefront,0.27188873
tablecloth,0.27142668
horseradish,0.27124542
cougar,0.27090633
homesteader,0.2707672
trench,0.27062163
beach,0.2704425
building,0.27029637
motorist,0.26993445
log,0.26964265
bears,0.269347
mitten,0.2689107
staircase,0.26884216
wilderness,0.26868957
mud,0.26861554
canoe,0.26833025
snowstorm,0.26806062
honker,0.26774997
mane,0.26743892
lemon,0.26733643
skull,0.2669686
garlic,0.26685065
pier,0.26675624
blimp,0.26672024
chamomile,0.26573116
aroma,0.26562494
ovary,0.26538625
dead,0.26533318
sky,0.26528904
stoplight,0.26523966
aesthetics,0.26489094
sword,0.26466855
spade,0.264302
honey,0.2640979
pathogen,0.26407793
sitter,0.26407713
cranberry,0.26362965
spreader,0.26340094
hive,0.26329744
worm,0.2630394
jackrabbit,0.26272058
dam,0.26244923
onion,0.2623447
groundhog,0.26221275
crevasse,0.26211417
corpse,0.26202205
rope,0.2618614
rug,0.26177064
fangs,0.26102644
bloomer,0.2608925
gator,0.26087034
farmer,0.26081777
tiger,0.26053464
kiwi,0.25996318
drapery,0.25975475
snowdrift,0.25973988
quarry,0.2595436
dirt,0.25948304
sentry,0.25937548
cone,0.25894818
stonemasonry,0.2588008
beet,0.25862876
campers,0.25839773
bonnet,0.25812083
sticks,0.25799587
thieves,0.2578949
gimlet,0.25749007
footstool,0.2569085
estuary,0.25676948
freeway,0.25639704
posion,0.25611335
firetrap,0.2556846
cork,0.25545534
seed,0.25529888
inkpad,0.2551026
clitoris,0.255006
topaz,0.2549894
backcountry,0.25496784
subspecies,0.25496575
mantel,0.25442997
insides,0.2544275
chop,0.25434986
windowpane,0.25410107
townsfolk,0.2540507
ladder,0.25397944
marker,0.25390986
furnishings,0.25362417
biologist,0.25361353
dike,0.2535782
propeller,0.2531689
sheep,0.25315353
lightswitch,0.25300446
foot,0.25293192
townhouse,0.2526194
maps,0.25232714
bagpipes,0.25232106
scar,0.252248
marijuana,0.25211152
peninsula,0.2515852
bowls,0.2514854
urn,0.25147015
railroad,0.2512672
potato,0.25101438
chimp,0.25098145
haze,0.25058272
placenta,0.2505509
bike,0.2505001
tea,0.25047916
anemometer,0.2503642
hunks,0.2501558
tarmac,0.24999918
legs,0.24989958
square,0.24986877
sanctuary,0.24977873
pedestal,0.24957629
pathologist,0.24941427
marshmallow,0.24938427
drape,0.24934742
cumulus,0.24934478
rattlesnake,0.24911854
ox,0.24889791
nuclei,0.24888709
awl,0.2488526
leopard,0.24879912
shoelace,0.24872276
observatory,0.24867779
bedspring,0.24863951
trailer,0.24852408
tapioca,0.24840602
hippo,0.24830543
crawlspace,0.24816304
buckshot,0.24808143
parts,0.24807315
confetti,0.24765335
flute,0.24753186
wineglass,0.24742791
rings,0.24719448
workers,0.24707077
pot,0.24651282
antiques,0.24649796
canola,0.24630699
demolition,0.246293
honeycomb,0.2462042
stamps,0.24617271
innocent,0.24602191
silverfish,0.24601424
manatee,0.24554534
volunteer,0.24538009
goblet,0.24520819
subsoil,0.2449943
truffle,0.24480736
airboat,0.24478437
lionfish,0.24474019
wagon,0.24450785
town,0.24431197
barrette,0.24427317
lava,0.24383752
beeswax,0.24379775
doorknocker,0.24378008
crayon,0.24375433
largemouth,0.24349648
cups,0.24340872
pickaxe,0.24337654
banner,0.24330384
clothes,0.24324127
zoo,0.24313813
hitchhiker,0.24296777
haystack,0.24287924
dwarf,0.24269547
cotton,0.2426657
skin,0.24265113
bucket,0.24233437
poo,0.24223909
things,0.24218395
doorframe,0.24178067
electroplate,0.24140245
quartz,0.24119589
catfish,0.24082682
bedding,0.24080409
poison,0.24071714
roofer,0.24068199
sorbet,0.24062356
poop,0.2401554
pebble,0.24005589
mealworm,0.24004239
disease,0.2398983
church,0.23983602
child,0.23974653
lyre,0.2396921
parrot,0.23964724
malaria,0.23951072
nebula,0.2393307
snail,0.23919645
carp,0.23917188
enamel,0.2391226
tribeswoman,0.2390841
cow,0.23884545
pendant,0.23880726
venison,0.23875399
webbing,0.23875204
shack,0.23866932
hallucinogen,0.23846239
bayou,0.23832193
pepper,0.23824468
belongings,0.2381903
crackers,0.23805325
wagonload,0.23778722
boxcar,0.23777717
triceratops,0.2374562
stockyard,0.23740697
snowmobile,0.23727052
dumpster,0.23712327
moccasin,0.23699632
monkey,0.2367268
thundercloud,0.23660205
bookshelf,0.23647372
parking,0.2364418
preschooler,0.23629785
plastic,0.23623814
tobacco,0.23586294
waste,0.23555623
woodblock,0.23539463
bookcase,0.23520464
saltine,0.23510835
ape,0.23476715
bicycle,0.2343739
squaw,0.2341717
birthstone,0.23395589
gentlefolk,0.233924
dryer,0.23381239
cat,0.23378375
lollipop,0.23375493
kid,0.23363462
scent,0.23357749
bat,0.23349008
encampment,0.23332213
climber,0.2332916
oxcart,0.23327221
cider,0.23325193
lioness,0.23313075
weather,0.23308335
neuron,0.23275651
bullets,0.2327465
dinosaur,0.2326702
grow,0.23264398
scissors,0.23258305
fetus,0.2325774
badger,0.23256795
patch,0.23253006
fumigator,0.23232605
painting,0.23194335
fire,0.23183574
girdle,0.2315137
pheromone,0.23111124
mucous,0.23094088
toffee,0.23080093
bait,0.23076063
artery,0.23065042
rim,0.23009054
bunny,0.230054
duck,0.22982903
pancakes,0.22982846
goatee,0.22978352
crescent,0.2297397
junk,0.22972697
handiwork,0.22969832
raven,0.22967638
cut,0.22964424
coal,0.22944927
throat,0.2293409
crucifix,0.22913232
goop,0.22906885
castle,0.22902837
dishcloth,0.2287847
filament,0.22849005
daggers,0.2284417
dwelling,0.22837488
eggshell,0.22783431
embryo,0.22781077
wolverine,0.227654
emu,0.22754715
churro,0.22724222
carnivore,0.22712217
airplane,0.22704907
doorknob,0.22704507
rice,0.22702825
graveside,0.22666796
herring,0.22653261
antenna,0.2264995
snowsuit,0.22639862
pens,0.22634615
ball,0.22626925
hippopotamus,0.22621508
refridgerator,0.22606185
earlobe,0.22595125
puma,0.2259416
tyke,0.22583973
sledgehammer,0.22583695
sunset,0.225795
carousel,0.22570874
cleaver,0.2256914
armoire,0.22568579
cloud,0.22552338
assets,0.22541624
brontosaurus,0.22537175
sentinel,0.22534703
wolf,0.225328
platypus,0.2252381
drumstick,0.22511186
cupcake,0.22499032
poem,0.22472663
baby,0.22463776
goods,0.2246001
panda,0.22420476
socks,0.22413668
chopstick,0.22411558
sesame,0.22372672
pottery,0.22359975
octopi,0.22359249
parade,0.22359188
shantytown,0.22356384
smoke,0.22307213
minivan,0.22304974
flood,0.22303993
bugler,0.22290519
heads,0.22282937
folk,0.22273779
festival,0.22266853
ranch,0.22253087
angelfish,0.22247837
flypaper,0.22239837
sidewall,0.2221414
rink,0.22200906
potter,0.22199225
cabin,0.22193797
feces,0.2218977
shepherdess,0.22165637
cheesecloth,0.22159706
desert,0.22147566
testicle,0.22143446
way,0.22135329
zookeeper,0.22134304
archipelago,0.22131787
scooter,0.22128858
firefighter,0.22117607
craftsman,0.22104618
baldhead,0.22104084
kindness,0.22088015
bushman,0.2208643
brooder,0.22075555
washstand,0.22054262
bathtub,0.22054122
pencil,0.22053361
mansion,0.22051601
silk,0.2203697
chlorine,0.22035676
jade,0.22029461
plaster,0.22017069
bassinet,0.22001655
fly,0.21994695
sundown,0.2196992
mattress,0.21954082
pooch,0.21952046
hangar,0.219516
balloonist,0.21950595
taxes,0.21924226
node,0.21916816
thumbnail,0.21858186
toothpick,0.21857291
fireman,0.2181382
catwalk,0.21809734
boatyard,0.21802913
songbook,0.2179887
whale,0.21797638
torch,0.21790962
library,0.21784429
warden,0.21784222
pitbull,0.21765782
pitchfork,0.21752462
knife,0.21736565
floss,0.21714741
obsidian,0.21710694
clean,0.21663971
flagman,0.21662773
shedder,0.2165596
malamute,0.21649136
kerosene,0.21632057
bin,0.21624045
developer,0.21623115
hacienda,0.21619599
palette,0.21613269
undercoating,0.21607836
ukulele,0.21596019
watercolor,0.21595404
shopping,0.2159537
orchestra,0.21583183
brickyard,0.21576081
yeti,0.2157569
path,0.2157551
bumper,0.21566047
bride,0.21557586
sapphire,0.21545736
genome,0.2152769
kindergartner,0.21521161
polyp,0.2151996
parents,0.21514447
stockade,0.21512242
blanket,0.21492131
taffy,0.21487254
golfer,0.214758
peanut,0.21470839
spoons,0.2143792
protester,0.21428855
crust,0.21409504
potassium,0.21409215
donkey,0.21396968
leeches,0.21368876
hairpin,0.21364678
paleontologist,0.21356149
dispatcher,0.2134634
notepaper,0.21332587
violin,0.21322359
wreck,0.2132009
angel,0.21313101
tiara,0.2130903
trap,0.2129257
earring,0.21291633
obstruction,0.21290493
joist,0.21271767
dust,0.21261351
breasts,0.21247831
sleet,0.21239421
pancreas,0.21236664
congregation,0.21215922
doll,0.21205221
mustard,0.21201986
melatonin,0.21189502
victim,0.21145643
nonhuman,0.21103898
polyethylene,0.2109511
crossbar,0.21094327
terracotta,0.21056089
celebration,0.21050629
skates,0.21034153
forehead,0.21025516
puss,0.21019502
mite,0.21005689
gavel,0.20998521
scalp,0.20987014
spear,0.20983689
battlewagon,0.20975716
lad,0.20954555
investments,0.2094799
unicorn,0.20947175
taxis,0.20944956
firefly,0.20925385
penis,0.20921709
axle,0.20920306
swarm,0.2091204
variety,0.20891894
railing,0.2089172
firearms,0.20885861
veterinarian,0.20876935
balloon,0.20875342
poultry,0.20865895
quake,0.20864154
doorbell,0.20829533
muslin,0.20826505
smokehouse,0.20819123
agriculturist,0.20801896
bear,0.2077865
monarch,0.2077713
cavewoman,0.20777102
cannon,0.20769627
cigarette,0.2075673
planet,0.2074726
snot,0.2074386
antifreeze,0.20743816
pavilion,0.20738779
pentagon,0.2073205
barrier,0.20730086
altarpiece,0.20719615
fang,0.2069378
jaguar,0.2068622
confection,0.2068513
porkchops,0.20685074
storybook,0.20680797
condo,0.20673555
whetstone,0.20667554
cube,0.20632029
motorbike,0.20624602
crafter,0.20619273
stuff,0.20610541
conductor,0.20604588
marmalade,0.20581849
pillbox,0.20578721
liqueur,0.20574108
carbohydrates,0.20572074
grandma,0.20571724
towels,0.20562881
eyelash,0.20545568
pyramid,0.20526423
shelter,0.20499362
hayseed,0.20498446
iron,0.20493035
blinker,0.20489438
poodle,0.20479637
villa,0.20475899
ligature,0.20459743
nape,0.20458095
sofa,0.20454547
some,0.20449166
uterus,0.20447978
toy,0.2042674
footplate,0.20423456
groceries,0.20405929
rite,0.20378669
photograph,0.20378244
doorstep,0.20372109
teenager,0.2036353
teapot,0.20345837
congestion,0.20342924
pillar,0.2034253
shoeshiner,0.20341462
elderly,0.20332432
bedroom,0.20330706
casket,0.20328788
couch,0.20328683
beam,0.20294629
astringent,0.20292407
kiosk,0.20280881
logos,0.20278117
elementary,0.20277873
bachelorette,0.20271479
eardrum,0.20239572
falconer,0.20210946
van,0.20208558
flaxseed,0.20206831
horsehair,0.20203136
evaporator,0.20193247
scoreboard,0.20178209
tableware,0.20167993
infield,0.20163086
hitter,0.20161356
hypothermia,0.2015471
bundle,0.20142093
marauder,0.20139332
residence,0.20115857
eyedropper,0.20095113
dachshund,0.20077094
flyswatter,0.20054062
family,0.20049109
carbonation,0.20045988
bloodworm,0.20037526
vanload,0.2000496
deck,0.19986278
yeast,0.19980223
molehill,0.19974959
steel,0.19974515
pilot,0.19971055
body,0.19957747
oboe,0.19950996
rate,0.19923027
enzyme,0.199122
tub,0.1989698
mercury,0.1989452
blower,0.19893153
playoff,0.19888777
rowboat,0.1988728
goatskin,0.1987683
oilcan,0.19874363
doodad,0.19870834
sifter,0.19864368
umbrella,0.19847448
wad,0.1980347
grain,0.19776903
guzzler,0.19757959
jellyroll,0.19751225
gangway,0.19751097
bow,0.19743456
object,0.19739655
roadblock,0.19729581
rectangle,0.19721207
shoes,0.19715732
picket,0.1970481
newsstand,0.19669873
sweatbox,0.19656952
utensils,0.19651705
spirituality,0.1965106
thighbone,0.19640908
tax,0.1963954
slush,0.19636525
altar,0.19626537
godchild,0.19617437
firearm,0.19593075
beacon,0.19574814
shin,0.19562332
transmission,0.1955493
desktop,0.19551232
sledge,0.19531457
monorail,0.19529448
breadbox,0.19528478
tupperware,0.19525298
mapping,0.19522174
sweater,0.19521949
grinder,0.19521727
jackhammer,0.19510596
eyewitness,0.19507918
prints,0.19500259
icebox,0.19482768
field,0.19470607
stimulus,0.19450834
claymore,0.19395716
walk,0.19392672
noose,0.1939055
trapezoid,0.19366959
hunger,0.19364919
tray,0.19359395
geographer,0.19355512
sharks,0.1934339
immunologist,0.19334383
chiffon,0.19328937
poverty,0.19307712
helmet,0.19304258
carving,0.19297731
kettledrum,0.19253835
titanium,0.19238049
sweetie,0.19237438
boots,0.19234918
tools,0.19231282
recliner,0.19229709
granddaughter,0.1922915
stem,0.19227265
oxygen,0.1922517
peeper,0.1920387
ore,0.19192253
capacitor,0.19187355
ashtray,0.19176942
chevron,0.19169618
album,0.1916563
rail,0.19164154
peeler,0.19162227
server,0.19160919
grille,0.19154464
juice,0.19151701
bed,0.19146511
hood,0.19144028
crossfire,0.19129513
ultraviolet,0.19125505
floorboard,0.19121374
refrigerator,0.19109252
ideas,0.19105516
lamb,0.1908336
clunker,0.19082442
imbecile,0.19077675
mob,0.19071266
bottleneck,0.1907054
firehouse,0.19036971
giblet,0.19036931
paper,0.19007358
liger,0.18997288
warehouse,0.18968074
knocker,0.18960133
faceplate,0.18959251
tin,0.1894934
washcloth,0.18944404
runt,0.1893749
gloves,0.18898132
playpen,0.18897752
box,0.1888442
electric,0.18881123
tidewater,0.1887309
potpourri,0.18869816
tentacle,0.18867481
atmosphere,0.1886202
spaceship,0.18861465
neckerchief,0.18860519
sea,0.18847887
smile,0.1884369
juicer,0.1882947
vellum,0.1879991
burglar,0.18795513
carnival,0.18795153
loincloth,0.18790896
sternum,0.18772215
searcher,0.18760026
golfing,0.18752109
hatchet,0.18738747
pig,0.18724886
little,0.18702596
toke,0.18698643
council,0.18692926
ballplayer,0.18691272
cellar,0.18678162
bunghole,0.18674889
hatchback,0.18672904
mutant,0.18667682
tonsil,0.18666051
harpsichord,0.18658134
gills,0.18656428
frame,0.18654767
gunk,0.18650042
piano,0.1864505
driving,0.18630315
goldfish,0.18629965
feather,0.18621589
kayak,0.18615589
saxophone,0.18614668
poets,0.18609294
hat,0.18600412
thunder,0.1859886
anchorage,0.18593672
daughter,0.18592452
wishbone,0.18587592
suburb,0.18582231
hurdle,0.18580343
giblets,0.18576172
hormone,0.18575497
reaper,0.18556182
hawk,0.1855292
crowd,0.18552455
amount,0.18544824
religion,0.18543935
quiche,0.18536028
clay,0.18522952
mommy,0.18515375
decongestant,0.18495408
thumb,0.1848133
schnauzer,0.18480222
rubber,0.18469569
numbers,0.18467732
latchkey,0.18462585
newlywed,0.18460457
latex,0.1846045
contraception,0.18458462
blotter,0.18445824
landline,0.18443774
diesel,0.18433931
casing,0.1843053
light,0.1842347
vinaigrette,0.18406498
jewelry,0.18405405
sandlot,0.18396488
aviator,0.1839291
pvc,0.18388489
grandmamma,0.1838775
moleskin,0.18385206
gorilla,0.18383312
lithograph,0.18362503
glitter,0.18360892
toyota,0.18360385
distillery,0.18358397
meat,0.18355805
metal,0.18352868
missionary,0.1834241
snack,0.1833571
nerve,0.18326102
collection,0.18309237
impostor,0.1830421
midsection,0.18292595
hunk,0.18280457
trombone,0.18256895
ruby,0.18250178
nightgown,0.18244714
hatband,0.18239824
sunglasses,0.18237832
soprano,0.18228339
hate,0.18227725
bazaar,0.18210593
carafe,0.18203962
skateboarding,0.18200476
bourbon,0.18198642
eraser,0.18187979
pilaf,0.18181284
bedpost,0.18180218
brainstem,0.18178964
storehouse,0.18175359
fleck,0.18172444
summer,0.18170701
camel,0.18150076
tomahawk,0.18144533
gallon,0.1813142
donation,0.18125567
boiler,0.18121971
chaos,0.18120234
imagination,0.18102825
jaywalker,0.18097839
gauze,0.1808832
racket,0.18087612
anthropologist,0.18084241
wrapper,0.18082687
quinoa,0.18059728
hike,0.18050362
jackknife,0.18046883
horsewoman,0.18044469
angler,0.18043591
clock,0.18041775
ugliness,0.18027937
hanger,0.18027829
electrician,0.18025891
laborer,0.18008156
stocks,0.18000118
wax,0.17996874
gallery,0.1798435
righteousness,0.17981924
sonata,0.17973864
sunroof,0.17962071
particulate,0.17954572
parishioner,0.17947428
immunization,0.1794301
mainframe,0.17923215
tibia,0.17918852
location,0.17917025
wine,0.17916751
haunch,0.17911118
motorcycle,0.17882329
dad,0.17878766
phone,0.17867732
violinist,0.17863454
supermarket,0.17858624
ammonium,0.1785374
electromagnetism,0.17849162
negligee,0.17848283
home,0.17836244
thought,0.17834245
mapmaker,0.17834172
person,0.17829305
freon,0.17826527
transmitter,0.17822546
mole,0.17814292
flavor,0.17813742
supercomputer,0.17812054
foundation,0.17809926
whiskey,0.17805278
soup,0.17802216
dreaming,0.17802057
backpack,0.17796436
friendship,0.17784499
timepiece,0.17765802
idol,0.17751859
concert,0.17741762
cave,0.17734373
sedan,0.1773348
baguette,0.1773306
flame,0.17723319
infection,0.17710645
knot,0.1769444
ligament,0.17691375
appliance,0.17687169
latrine,0.1768683
flusher,0.17685579
photographer,0.1768152
speakers,0.17670137
notes,0.17669556
spit,0.1766717
paratrooper,0.17667124
hardcover,0.17653252
human,0.17646872
mongrel,0.17643431
pliers,0.17642286
acupuncture,0.17641039
shawl,0.1763346
bracelet,0.17631395
sex,0.17631072
silence,0.1762486
spaghetti,0.17615983
skydiving,0.17605683
bedrock,0.17604601
citizen,0.17603199
applications,0.17602374
death,0.1760009
apartment,0.17595968
amaretto,0.17595756
underwear,0.17588666
condensation,0.1757613
worker,0.17574249
harness,0.17567998
socket,0.17565255
paintball,0.17564753
abdomen,0.17563187
pitcher,0.1755936
automobile,0.17553148
scampi,0.17551923
labrador,0.17547822
stair,0.17536555
taper,0.17535894
cyst,0.17534953
mother,0.17532219
soldier,0.17513295
connector,0.17509492
mama,0.17496695
paperboy,0.174963
curtain,0.1749203
rancher,0.17483091
pool,0.17480655
bill,0.17479388
sulfite,0.17462854
lady,0.17442909
cell,0.17422624
hydroxide,0.17418104
needle,0.17403534
driver,0.1740309
rockets,0.17395268
teabag,0.17393884
copier,0.17390357
groom,0.17387547
zombie,0.17383207
come,0.17370375
protestor,0.17364056
bomber,0.17359094
doornail,0.17357369
orthodontist,0.17350653
blowfish,0.17342985
dart,0.17336126
excrement,0.17332464
peace,0.17328542
guillotine,0.17323603
sculptress,0.17323375
planetarium,0.17313392
shakira,0.17309794
christianity,0.1730863
policeman,0.17303267
mailman,0.17298877
fuel,0.17291637
buckskin,0.17289285
hydraulics,0.17287499
story,0.17286508
cartographer,0.17285454
spaniel,0.17260012
crepe,0.17253649
radiator,0.17243433
throne,0.17238018
chicken,0.1723645
tetherball,0.17225727
heretic,0.17225422
seacoast,0.17224555
dove,0.1721831
hamster,0.1721407
snakeskin,0.17213613
cavern,0.1720847
spoon,0.17206606
idea,0.17199582
fatness,0.17194076
volkswagen,0.17187548
encasement,0.17173177
nun,0.17172344
guy,0.1715054
gash,0.17142339
dresser,0.17139405
sneakers,0.17133749
vanilla,0.17125413
fumes,0.17124145
momma,0.17117822
porthole,0.17116457
armload,0.17106049
moneybag,0.17096108
honor,0.17093007
antiseptics,0.17091443
linen,0.1708917
through,0.17087173
wig,0.17086029
tomcat,0.17081451
boat,0.17075257
babysitter,0.17072791
temperature,0.17067966
inlay,0.17065021
hubcap,0.1705679
airbase,0.17054418
windbreaker,0.17054199
coroner,0.1704256
slaveholder,0.17042357
vodka,0.17035776
criminality,0.1703188
plank,0.17030469
telescope,0.17017008
alternator,0.17011239
scarf,0.17007424
nice,0.16999874
airlift,0.1699856
sliver,0.16997367
spammer,0.16988377
belt,0.16983435
stardust,0.16981097
clothing,0.16967088
thumbhole,0.16940111
app,0.16931796
commodity,0.16927896
nudist,0.16921124
cerebrum,0.1691547
folder,0.16911848
toliet,0.16909714
kazoo,0.16901788
highchair,0.16895549
stool,0.16892526
ballerina,0.16886
artilleryman,0.16876927
fatality,0.16876513
calf,0.16874123
sort,0.16871886
cadaver,0.1686737
gauge,0.16864681
audiologist,0.16859394
nightlight,0.16855635
customer,0.16854888
bullwhip,0.16849172
submitter,0.16848159
games,0.16842228
geezer,0.16828628
shipwreck,0.16823366
siren,0.16821833
smartness,0.16818313
cutlery,0.16816586
jokester,0.16812651
bleach,0.1679051
replica,0.16773276
schoolwork,0.16762193
swinger,0.16756381
kitchenware,0.16743222
spillage,0.16743056
migrant,0.16736104
leprechaun,0.1673543
dress,0.16722707
outer,0.16715173
boater,0.16713974
gland,0.16713645
portion,0.16706842
paprika,0.16705334
painter,0.16704138
blind,0.16700612
stars,0.16700326
urination,0.1668928
anorexia,0.16687717
pedophile,0.16676725
hobbies,0.16675772
flares,0.1666417
splinter,0.16663414
turntable,0.16644876
volleyball,0.16638082
bunkhouse,0.1663676
cattleman,0.1661771
enjoy,0.16609998
scope,0.1660549
anchovy,0.16565627
pancake,0.16565382
cage,0.16558082
duplex,0.165556
shirtfront,0.16551903
crime,0.16549323
guidebook,0.16543108
alcohol,0.16542913
maggot,0.16537243
ballot,0.1653601
kinsman,0.16532621
cauldron,0.1653142
grill,0.16525306
ford,0.1651373
railcar,0.16504344
pastor,0.16501749
viper,0.16500852
voter,0.16499272
stand,0.16486748
hermit,0.16480695
liquor,0.16476175
cushion,0.16475008
gameboy,0.16468412
drainer,0.16468105
geologist,0.164607
tinsmith,0.16460164
greenback,0.16441283
bay,0.16424674
gallbladder,0.16421972
slicer,0.16413821
heart,0.16404763
gridiron,0.16404225
warthog,0.16400565
son,0.16398065
dowry,0.16396502
casserole,0.16391304
men,0.16391169
artist,0.16384067
sharpener,0.16380937
manicotti,0.16370606
binocular,0.16357216
battleaxe,0.16345079
clockmaker,0.16338135
biker,0.16337976
shunt,0.16331275
hotdog,0.1632833
writings,0.16324359
halter,0.16322096
brisket,0.16319934
pee,0.16315497
flatfoot,0.1630786
apothecary,0.16305292
bass,0.16300917
lobster,0.16289467
lobe,0.16287446
rational,0.16261862
apron,0.16255097
whistle,0.16253634
carotene,0.16250183
tops,0.16241291
dance,0.16238432
teem,0.16235691
cashbox,0.16223662
darts,0.1621989
connect,0.16219236
wonder,0.16210292
knuckles,0.16206276
stick,0.16204554
blemish,0.16203222
drill,0.16199005
syphilis,0.16196035
sweetener,0.16194241
snooper,0.16192059
glucose,0.16188294
vaccine,0.16187169
showplace,0.16168006
wand,0.16165265
pastry,0.16151573
stake,0.16150415
bladder,0.16148336
fingertip,0.1614453
alcove,0.16144238
tinplate,0.16138647
wheelchair,0.16136122
thumbtack,0.16131559
pulley,0.16120799
sketcher,0.16116185
harbor,0.16111875
build,0.16109969
tearoom,0.16103743
rum,0.16100465
patience,0.16096835
bosom,0.16089623
dock,0.16089155
deceased,0.16085403
drive,0.16076802
headsman,0.16076185
shelf,0.1607489
fight,0.16056593
pediatrician,0.16036873
brow,0.16028889
chair,0.16027524
dollar,0.16026492
vitamins,0.16021098
stain,0.16016044
flank,0.16012587
straightedge,0.16005853
mom,0.15987241
department,0.15980083
haggler,0.15980072
pileup,0.15977828
ham,0.1597293
flamethrower,0.15968068
sinner,0.15965559
dyke,0.15964672
stationery,0.1596422
hanky,0.15958364
importance,0.15953408
patrolman,0.15952533
codebook,0.15950114
widower,0.15943527
corkscrew,0.1593508
school,0.15930042
bookshop,0.15926732
crawlers,0.15919794
waitperson,0.15915722
nutrition,0.15878919
wing,0.15869296
clips,0.15861389
thingamabob,0.15850776
scavenger,0.15850554
work,0.15846686
homework,0.1584183
cement,0.15837513
refuse,0.158363
sixpence,0.15826872
guardsman,0.15824641
octopus,0.15819895
dancer,0.15818422
foldout,0.1581415
rosary,0.1581128
madwoman,0.15801936
sleepwalker,0.15796113
orphan,0.15771791
mainsheet,0.1576967
barbershop,0.1576438
buttonhole,0.15764031
shirt,0.15763864
gyroscope,0.15761462
tutu,0.15751755
garb,0.15748082
cape,0.15747496
medal,0.15747057
neck,0.15738481
flannel,0.15726313
congressman,0.15725712
cafe,0.15717883
slobber,0.1571211
noisemaker,0.15705532
tannery,0.15705389
buttons,0.15697816
drinker,0.15695825
jigsaw,0.15692386
hairball,0.15690677
showpiece,0.15675855
cumin,0.1567477
platoon,0.15653917
anvil,0.15650171
duet,0.15637188
smartphone,0.15636729
almanac,0.15630187
prosthesis,0.1563008
spareribs,0.15627864
doorstop,0.1562696
archdeacon,0.15621373
lender,0.15613702
collarbone,0.15609926
steamroller,0.15602732
handbag,0.15599918
composer,0.15598935
constable,0.15593939
guardian,0.15586735
laughter,0.15582629
roadrunner,0.15581137
copy,0.15574926
photoshop,0.15566681
vibration,0.15542667
shrine,0.15536562
bobtail,0.15535939
psychotherapist,0.15531617
obligation,0.15529597
hammer,0.15520331
engineer,0.15514942
crutch,0.15509127
salespeople,0.15504918
bikini,0.15500173
groper,0.1549571
mouthguard,0.1549168
corps,0.15487279
tick,0.1548074
kitchen,0.15474643
plasma,0.1546647
melanin,0.15449229
cereal,0.15443543
whisper,0.15439995
colonist,0.15435746
sterilizer,0.1543549
laundrywoman,0.154298
cancer,0.15424904
alumni,0.15421006
daycare,0.15419471
deed,0.15397683
typewriter,0.15395117
brass,0.15394409
jelly,0.15387505
alien,0.15384243
bank,0.15364845
fridge,0.15363102
soloist,0.15355596
transportation,0.15353832
instrument,0.15351465
sleeping,0.15348586
adjuster,0.15339535
teether,0.15334903
stylus,0.15334417
halloween,0.15331855
microprobe,0.1532772
torchlight,0.15319982
silverware,0.15308826
skillet,0.15305091
gurney,0.15301806
margarine,0.15293296
ship,0.15292367
ghetto,0.1528917
eavesdropper,0.15282105
racquetball,0.15282065
crabber,0.1528087
browser,0.15278296
perfume,0.15273666
abyss,0.15270917
swordswoman,0.15268898
governor,0.15267912
bumps,0.15249935
linguini,0.15247063
layperson,0.15244807
trainload,0.1523029
advil,0.15222056
weight,0.1521382
audition,0.15207228
racetrack,0.15204352
centerpiece,0.15193012
money,0.15185317
stapler,0.1518268
electrochemist,0.15175134
reconstruction,0.15173191
shower,0.1516961
wallet,0.1516232
racehorse,0.15154517
hang,0.15154041
fan,0.1515144
sock,0.15151186
permission,0.15150046
line,0.15147316
steamer,0.15138341
denture,0.15127352
hairspray,0.15123968
cabby,0.15114577
quarterback,0.15113728
citation,0.1511369
ipad,0.15110968
sharkskin,0.15095602
sheepskin,0.150934
ether,0.15092288
horseman,0.15082817
invoice,0.15071741
banshee,0.15066443
ammo,0.15065594
stepsister,0.15062271
lining,0.15062013
codex,0.15056817
tanning,0.15049213
organist,0.15033695
edit,0.15011817
rioting,0.15009049
quintet,0.1500873
cola,0.15005958
herringbone,0.14999609
trousers,0.14995533
binky,0.14992243
period,0.14972953
fumbler,0.14939477
handclap,0.1493087
stuntman,0.14924514
diagram,0.14913331
requester,0.14908649
hamburger,0.1490291
meatloaf,0.14900379
classical,0.14899582
carcinogen,0.14894722
artillery,0.14892527
immigrants,0.14889608
beta,0.14886717
capitol,0.14884901
yellowtail,0.14882843
constitution,0.14880858
table,0.14878726
sister,0.1487779
state,0.14874376
knitting,0.1486464
icepick,0.14858149
ring,0.14856155
spitball,0.14850526
homebody,0.14849898
door,0.14847115
scales,0.14846072
pseudoscience,0.14844774
timecard,0.14820641
gap,0.14818463
antibiotic,0.14800178
parent,0.14796144
nightstand,0.147878
mammogram,0.14785056
clan,0.14780885
undertaker,0.14778188
supernova,0.14771925
spades,0.14768338
sailfish,0.14768066
pageboy,0.14768055
chloroform,0.14767027
biter,0.14765622
horizon,0.14759451
circus,0.14756718
rest,0.14755306
computer,0.14749642
service,0.14749086
floor,0.14744249
guts,0.1473521
sales,0.14734842
gaze,0.14730678
signal,0.14724542
contact,0.14708535
pants,0.14708333
bristle,0.14694674
jackass,0.14694402
hacker,0.14691304
chest,0.14689583
marcher,0.14664946
sitting,0.14653127
bellman,0.14649592
dick,0.14649382
caretaker,0.146396
filet,0.14637172
calipers,0.14636542
keys,0.14629619
exhibitionist,0.14625286
celebrity,0.14623718
singer,0.14620568
sushi,0.14619868
midwife,0.14619039
grandmom,0.14607488
flask,0.14596123
subcontractor,0.14594534
priest,0.14593232
condensates,0.14593075
packet,0.14592949
shark,0.14581199
physiologist,0.14574237
breathe,0.1456863
slice,0.14567475
comb,0.14561915
thing,0.14558095
attendees,0.14556852
actress,0.14550774
razor,0.14533813
permit,0.14530201
sax,0.1452821
weatherman,0.145231
income,0.14516543
essay,0.14513086
countryman,0.14512949
signalman,0.14510816
horseshit,0.14495867
speedway,0.14488886
den,0.14488629
sorrow,0.14478262
puzzle,0.14476453
fix,0.1447416
petition,0.14465314
sandcastle,0.14464356
chrome,0.14463723
bicep,0.14460678
embroidery,0.14454065
aggravator,0.14451583
wife,0.14447363
steward,0.14438857
tesla,0.14437144
mine,0.1443232
duelist,0.14431314
lodgings,0.14429526
rook,0.14427263
steak,0.1442301
menthol,0.14399411
pepperoni,0.14385028
glove,0.14382577
underpants,0.14379606
seaboard,0.14370659
cowpoke,0.14369732
murder,0.1436805
robe,0.1435358
barbell,0.14353319
peasant,0.14348063
magic,0.14336959
compressor,0.1433655
ragamuffin,0.1433007
privates,0.14328313
counterweight,0.14323135
visor,0.14319496
machine,0.14319226
year,0.14307465
truth,0.14301158
pad,0.14291346
photocopy,0.14287764
book,0.1428722
statute,0.14283383
miss,0.14281347
bag,0.14281176
guppy,0.14272384
trapdoor,0.14270572
explorers,0.14268029
projector,0.1425479
fascism,0.14252552
toaster,0.14251857
ceramics,0.14234336
petrol,0.1422967
jawbreaker,0.14228454
monogram,0.14220268
ribcage,0.14219557
nursemaid,0.14212184
electrode,0.14206243
marksman,0.14203194
collector,0.14203084
trinket,0.14201584
hardhat,0.14194952
pub,0.1418509
jukebox,0.14181395
ferryboat,0.14170597
jailbait,0.14166854
monkfish,0.14165156
cellphone,0.14160132
petroleum,0.14158706
timeout,0.14155807
play,0.14152768
multiprocessor,0.14148605
tux,0.1414482
soap,0.141435
maidservant,0.1414212
protein,0.1413613
framework,0.14126325
levers,0.14122894
rules,0.14122786
age,0.1412107
emotion,0.1411502
roach,0.14106524
condition,0.14091055
center,0.14090225
warlock,0.1408056
cyanide,0.14080524
masses,0.14076917
cooker,0.14075871
chairwoman,0.14074557
mark,0.14069133
bungee,0.1406653
teacher,0.14063485
statesman,0.14055154
trident,0.140511
bra,0.14044388
katana,0.14032842
brat,0.14032629
mutton,0.14024183
grater,0.14022481
subway,0.14022473
toxicologist,0.1401425
welder,0.14012448
present,0.14010374
adult,0.14008315
bedchamber,0.1400798
handcart,0.13997363
spaceport,0.13995452
breeches,0.13994038
technician,0.13991076
diarrhea,0.13990329
false,0.13984182
sunscreen,0.13977322
torchbearer,0.13971095
gasp,0.13969322
grandnephew,0.13967812
streamliner,0.13955753
lifeblood,0.13940942
dockyard,0.13926917
syllabus,0.13924296
lap,0.13910845
shepherd,0.13908657
laptop,0.13899598
marinade,0.13897052
dinner,0.13887139
paperwork,0.13885254
fizz,0.13884209
saxophonist,0.13881072
sanitarium,0.13879296
crypt,0.13877589
lingerie,0.1385045
cabdriver,0.13850278
item,0.13843742
walrus,0.13833871
outflow,0.13832937
elbow,0.13829918
vamp,0.13828506
finger,0.13823354
pointer,0.1380022
thimble,0.13799407
make,0.13798508
checklist,0.13792257
dagger,0.13780351
braces,0.13775827
meaning,0.13762635
paddleball,0.13761024
daredevil,0.13756059
septum,0.13755468
fleabag,0.13749142
theater,0.13745563
stimulant,0.13745096
policewoman,0.13737728
beverage,0.13726234
steamboat,0.13721193
aristocrat,0.13719569
cycle,0.13718688
commissioner,0.1371698
plutonium,0.13714194
poet,0.13710153
points,0.13703693
veterinarians,0.13702989
band,0.13695167
compass,0.13680635
gunsmith,0.13680178
aspirin,0.13678874
mirror,0.13666947
mechanic,0.13649838
friar,0.1364851
reactor,0.13648379
violence,0.13642631
temptress,0.13629198
cockpit,0.13628197
risk,0.13624646
saw,0.13620071
steam,0.13614115
harem,0.13613185
philosopher,0.1361042
intern,0.13599256
streaming,0.1359497
optometrist,0.1359401
appendix,0.1359309
tab,0.13582519
smock,0.1357686
kink,0.13566753
methanol,0.13562794
madman,0.13562076
contraption,0.13559511
keyboard,0.13558088
bandit,0.13554008
sheepherder,0.13538912
judge,0.13537559
sportsman,0.13536371
spa,0.1353052
gal,0.13527794
surgeon,0.13525169
animated,0.1351143
gram,0.13509731
illustrator,0.13509406
crook,0.13500868
anthrax,0.13497901
diploma,0.1349303
device,0.13491452
clog,0.1348859
cabbie,0.1348477
midnight,0.1347965
bench,0.1347951
ringer,0.13479035
bailiff,0.1347848
pussycat,0.13475654
suitcase,0.13475503
health,0.13472022
saucepan,0.13462158
check,0.13453855
criminal,0.13435537
axis,0.13425097
blood,0.13414718
bolt,0.13410452
vessel,0.13406503
research,0.13402064
fries,0.13379219
mind,0.13377991
serum,0.13371754
sadness,0.13368224
opiate,0.133676
uncle,0.13357669
drone,0.13354108
bidder,0.133523
steroids,0.13342601
accomplice,0.1334213
flour,0.13340904
toilette,0.13337168
despot,0.1333701
survivor,0.13334665
jig,0.13331464
shampoo,0.13315082
rare,0.13311033
decoy,0.13310818
shotgun,0.13307524
crown,0.13302657
switchblade,0.13292705
basketball,0.13290532
phonebook,0.1328412
educator,0.132838
lunchbox,0.13265818
politician,0.13263457
slacks,0.13253558
mouth,0.13253081
skittle,0.13250382
ladle,0.13247436
fiancee,0.13230956
batboy,0.13229288
checkers,0.13228525
insurance,0.13227493
shit,0.13214517
abacus,0.13193594
depression,0.13191989
bible,0.13178222
poll,0.13169493
raincoat,0.13164373
digital,0.13139886
backbone,0.13137087
goalkeeper,0.13127999
negro,0.13114849
stalker,0.13110703
luggage,0.13105041
earplugs,0.13098702
wimps,0.13092905
toast,0.13080122
backdrop,0.13079241
penthouse,0.13077058
spy,0.13047136
convertible,0.1303561
leakage,0.13034733
karate,0.13031699
scrambler,0.1301898
chip,0.13012107
hit,0.13007596
choreographer,0.12997004
squeaker,0.1298931
cartoon,0.12985592
heat,0.12971945
snowboard,0.12971516
alcoholic,0.12965974
bachelor,0.12960698
run,0.12959668
outfitter,0.12959106
crotch,0.12958579
pouch,0.12951511
photon,0.12944451
stopwatch,0.12939002
pianist,0.12933508
psychiatrist,0.12926342
elder,0.12921496
blackmailer,0.1291353
acquaintance,0.12901655
target,0.12888661
gamer,0.12887427
clot,0.12879509
consulate,0.12869531
satellite,0.12867294
microscope,0.1286103
apology,0.12856779
footrest,0.12853763
warmonger,0.1284614
epitaph,0.12845895
prong,0.12844895
soccer,0.1284101
valium,0.12838718
guestroom,0.12837455
stewpot,0.12824789
sleepwear,0.12819512
patient,0.12817703
backward,0.12814811
medalist,0.12813859
stowaway,0.12808312
canon,0.12807645
camisole,0.12805246
scratcher,0.1280255
servant,0.12802063
riverboat,0.12800711
battleground,0.12774064
beachwear,0.12771295
bless,0.12765373
roughhouse,0.1275652
cryptography,0.12751806
globe,0.12736757
narc,0.12731898
battery,0.12730677
hand,0.12722678
swim,0.12701881
grenade,0.12686574
print,0.12684627
dishwater,0.12667899
cellmate,0.12650788
dummy,0.12647106
speedboat,0.12645663
spokesperson,0.12629333
chaperone,0.12619413
lager,0.12579188
doorkeeper,0.12571347
muzzle,0.12557866
cousin,0.12540196
election,0.12533595
competition,0.12526019
juror,0.12525763
highlighter,0.12520628
fodder,0.12514503
referee,0.12513424
alcoholism,0.12510078
microwave,0.12500045
nitrite,0.124930404
limp,0.1248284
sparkplug,0.12473459
toiletry,0.12461822
shooting,0.124557406
percussionist,0.12454402
hurdler,0.12441786
pistol,0.124403164
barrel,0.124377824
law,0.12425009
freshman,0.12421842
senator,0.12415832
illustration,0.124051474
micrometer,0.12402126
marathon,0.12398048
wrench,0.12390199
vegetarian,0.12389345
lunchtime,0.12381098
toe,0.12371731
chat,0.12360137
motel,0.12357131
headphone,0.12356511
pony,0.12353798
magician,0.12342526
infector,0.12336132
clipboard,0.12329922
buoy,0.12321583
rider,0.12314282
hairdresser,0.123037755
cologne,0.12297637
paycheck,0.12295528
word,0.12294105
bullring,0.122894436
sewing,0.1228937
entertainer,0.12281429
fat,0.12275224
listen,0.12273082
partition,0.122609995
meed,0.122458294
hummus,0.12237658
disclaimer,0.122375295
swaddling,0.12235261
recipient,0.12232026
thickener,0.122258484
stamper,0.12223277
catcher,0.12219543
learner,0.12218053
westerner,0.122177236
vaporizer,0.12217371
dab,0.122079924
row,0.12206466
swimsuit,0.12202134
trader,0.122010276
movers,0.12190574
science,0.121894784
responsibility,0.121836536
dinghy,0.12158713
theft,0.121559314
booth,0.12150959
wavelength,0.12150152
sedative,0.121480495
sleep,0.12142037
uranium,0.12131704
employer,0.12129493
strait,0.12123228
cervix,0.121211834
memo,0.12120608
satin,0.12116361
barracuda,0.12111543
accept,0.12106466
masher,0.121002294
peacekeeper,0.12097091
dame,0.12090327
nerd,0.12087889
vocalist,0.120835625
dope,0.120796956
drum,0.120674714
spouse,0.12065031
nightcaps,0.120616265
speech,0.120597504
selectee,0.12054373
sickness,0.1205388
track,0.12052289
thigh,0.12039538
tapeworm,0.12038578
blindfold,0.12037581
ballpoint,0.12036308
tranquilizers,0.12032981
expansion,0.12022519
caterer,0.12017379
massive,0.12012754
grades,0.12008784
tacks,0.11998036
gravedigger,0.11996346
superconductor,0.11994828
courage,0.11987007
poster,0.119839154
sport,0.11981997
heroin,0.119773775
catholic,0.11977215
deli,0.11973054
synthesizer,0.11968853
fillet,0.11957759
showboat,0.1195614
exorcist,0.11952156
devourer,0.11944203
housemate,0.11941713
ashcan,0.11936666
handcuffs,0.11925306
wingman,0.11912912
treadmill,0.11910667
lifeboat,0.119073495
applecart,0.11899325
punter,0.11878968
popular,0.11866922
narrator,0.118632175
mousetrap,0.118482985
tortellini,0.11841303
player,0.118300766
newspaper,0.11820701
offender,0.11818247
podium,0.118172206
thirst,0.118144974
actor,0.11810286
constituent,0.118032604
stadium,0.11799324
snapper,0.11793222
kerchief,0.11779475
socialite,0.11777764
hurt,0.11771614
room,0.11766709
champagne,0.11764899
transfusion,0.11763082
respirator,0.11748891
passport,0.11733242
geek,0.11725462
dramatist,0.11725376
bifocals,0.117030844
papa,0.11700008
fault,0.11694985
cardiologist,0.11693376
cocaine,0.116932444
correspondent,0.11679824
magazine,0.11677096
correct,0.11673899
assault,0.116721794
black,0.11660507
residency,0.11656507
cheese,0.116552696
chanter,0.11650418
star,0.116483375
piggy,0.11647651
counselor,0.11643015
heartthrob,0.11640812
evangelist,0.116360076
griddle,0.116345175
landlady,0.11631454
peer,0.11630437
dice,0.1161649
plunger,0.11611638
farting,0.11606356
hornpipe,0.11602125
banquet,0.11595609
towel,0.115914725
pantaloons,0.115908496
stealing,0.11590475
calender,0.11572291
codpiece,0.115683615
tuxedo,0.11564757
dating,0.11547221
shaver,0.11545801
million,0.11541789
shilling,0.11529459
professor,0.11528205
craps,0.11509034
warhorse,0.11508823
cream,0.115069985
tipper,0.11479454
butler,0.11474425
roller,0.11467777
watcher,0.114594996
turn,0.11449059
pizza,0.114436336
juvenile,0.11442248
pirate,0.11441991
turtleneck,0.11438783
icepack,0.11422492
behave,0.11420546
syringe,0.114203066
soccerball,0.11416669
fool,0.114086114
mediator,0.11404049
mascara,0.11387037
bragger,0.11378375
auto,0.113757744
breast,0.113724224
swimming,0.1136174
foreplay,0.113516085
aerialist,0.1135063
pharaoh,0.11349727
outpatient,0.11349272
chemist,0.11340427
algebra,0.113346994
data,0.1133274
figurehead,0.11324816
persistance,0.113213755
videotape,0.113095626
database,0.11308248
puff,0.11305715
shoplifter,0.113016754
jury,0.1130121
kabob,0.11295087
paris,0.112834
tool,0.11283196
expo,0.1127844
ad,0.11277294
editor,0.112672254
errand,0.11264596
evildoer,0.11263621
respect,0.11258497
interference,0.11252689
peepshow,0.1124902
harpooner,0.11242026
bun,0.11239551
hall,0.11224675
congress,0.1122005
jumping,0.112089716
calculator,0.11205983
quartermaster,0.11194253
maid,0.111925215
defendant,0.11185319
bookkeeper,0.11171161
taste,0.11166769
manicurist,0.11157456
piston,0.1114275
arrestee,0.11139035
antidepressant,0.11138405
beef,0.11136073
valve,0.11135977
flirter,0.111199826
bakery,0.111065574
charger,0.111021444
proprietress,0.1109737
northerner,0.11079971
royalty,0.11072965
glucometer,0.110715866
milk,0.11066718
staffer,0.11065426
boob,0.11061951
pasta,0.1106096
document,0.11050682
brother,0.11050221
time,0.11037612
alarm,0.11021402
arm,0.11018626
cartoonist,0.11013325
calcium,0.110116914
vault,0.11009564
dime,0.10994432
groomsman,0.10989593
teammate,0.1097934
sleeper,0.10977792
safe,0.10973099
envelope,0.10961536
court,0.109610565
prizefighter,0.10960809
thug,0.10951384
pawnshop,0.109443516
gender,0.10927839
umpire,0.109222844
curry,0.10916982
ammunition,0.109097145
wholesaler,0.10909383
spacesuit,0.10907117
methamphetamine,0.10898881
cardiogram,0.108934216
nymphomaniac,0.10891371
karam,0.108835615
medicine,0.108759195
rookie,0.10871892
marshal,0.108650625
cheeseburger,0.10854372
retirement,0.108518206
aide,0.10842633
hobo,0.10822709
reporter,0.10821325
bandage,0.10818095
gold,0.10816854
bandmaster,0.10816105
fair,0.10812414
cellblock,0.108113706
memoir,0.10804585
projectionist,0.10798693
bundler,0.10794869
receiver,0.10792154
internet,0.10777933
weights,0.107722126
wan,0.10771456
hour,0.1077103
hombre,0.10763481
chart,0.10762272
ticket,0.107452944
transceiver,0.10743017
exhibit,0.107411966
parliament,0.1073497
billiard,0.107290335
clientele,0.1070306
blender,0.1069852
count,0.10691628
turnstile,0.10680482
tie,0.10676655
trust,0.10675446
notebook,0.1066793
presidency,0.10657281
dollop,0.106568344
liar,0.10655635
gear,0.10638047
moment,0.106377065
bartender,0.1062221
minister,0.10618523
evolution,0.10617188
demon,0.10615406
script,0.106122114
bro,0.10610916
weapon,0.106004566
barista,0.10571269
audiotape,0.10570039
claim,0.10562963
powder,0.10561942
saddle,0.10557263
massage,0.10549192
froth,0.105408095
shoestring,0.105396695
technology,0.105247825
narcotics,0.10521753
druggist,0.10515333
manual,0.10508894
storekeeper,0.10508095
diaphragm,0.10508068
sportswoman,0.105019666
overcoat,0.10491669
transvestite,0.10490298
apostle,0.10482209
accountant,0.10481264
plug,0.10478419
heartbeat,0.10470102
officer,0.1046723
vial,0.10457628
suntan,0.1045686
armor,0.10454998
chock,0.10454478
retired,0.10446966
quartet,0.10442499
hoodie,0.104363024
canteen,0.104327686
philanthropist,0.104245506
account,0.1042116
thinker,0.104073904
duffel,0.10406213
shipyard,0.10405991
blow,0.10405966
lanyard,0.1040233
mahjong,0.103971936
merchandiser,0.10389454
ink,0.10387064
nightspot,0.103856534
courtroom,0.10383915
luncheon,0.10382821
searchlight,0.10381122
supplier,0.1038109
fist,0.103708275
showed,0.10361476
eyeliner,0.103575334
organizer,0.103508346
restaurant,0.103487365
extremity,0.10345366
candidate,0.10295562
border,0.10291609
administrator,0.10281091
chairman,0.10279573
empathy,0.10261018
bandleader,0.10247109
drummer,0.10224573
pant,0.10221684
bacon,0.10221057
governess,0.10218112
comedian,0.101961695
keyboardist,0.10192997
chowder,0.101872936
psychopath,0.10176112
dream,0.101651214
drift,0.10156582
slut,0.10150922
affect,0.10137429
constellation,0.10117565
anchor,0.1009504
cabinet,0.10083901
student,0.100819625
newshound,0.10071032
uniform,0.10062187
checker,0.10055985
captain,0.10053027
clasp,0.10049774
hero,0.10047559
brassiere,0.100203775
function,0.100019276
balm,0.10001701
housewife,0.09998402
facsimile,0.0999746
sniffer,0.099971905
internist,0.09986233
checkbook,0.09971972
coding,0.0997186
tennis,0.099689655
milkman,0.099585466
immigrant,0.09955574
lab,0.09948775
oarsman,0.09908396
baptism,0.09881765
magnetometer,0.098607995
skyrocket,0.09855696
newsletter,0.09854466
drawer,0.098528
solving,0.09844344
housekeeper,0.098333634
locker,0.09821197
moneybags,0.09816291
chef,0.09809963
attack,0.098011434
pus,0.09800835
oilman,0.09790693
scoop,0.0978972
bullfighter,0.09785504
periodical,0.097713
controller,0.09768702
programmer,0.0975399
televangelism,0.09745776
signature,0.09741137
jester,0.09739842
paying,0.09739479
kitchenette,0.097026095
hamstring,0.097019285
tutor,0.09696452
hoodlum,0.09689368
embarrasment,0.096831486
banger,0.09671808
under,0.09670616
baroness,0.09667539
electronic,0.09661533
web,0.09658369
vagabond,0.09643466
hotel,0.09638056
option,0.096373655
interviewer,0.09623483
notepad,0.09621742
itinerary,0.09606925
exchange,0.09597461
trucker,0.095944256
stethoscope,0.095669724
diva,0.0955744
hamper,0.095473975
refugee,0.09543565
selection,0.095334254
rapper,0.09531967
penicillin,0.09528902
bricklayer,0.09518598
mask,0.09514234
ejector,0.09511485
delegate,0.095047094
pill,0.09492095
electrocardiogram,0.09486956
assassin,0.09479557
expert,0.09473246
program,0.094658956
show,0.09461487
pocket,0.09457517
backstreet,0.09450822
anesthesia,0.0944813
ration,0.0944652
carwash,0.09444055
greeter,0.094433084
baggage,0.09427356
illusionist,0.0942215
ethyl,0.09409664
seesaw,0.09392544
stage,0.09392288
taco,0.09342808
chameleon,0.09334453
relationship,0.09325164
taskmaster,0.0932107
boot,0.09317816
felon,0.093120925
pleat,0.09305626
cleanser,0.09289984
lion,0.0928483
arrival,0.09268806
bureau,0.09242935
tow,0.0924097
sling,0.09228894
lifter,0.09216174
resolution,0.09214048
diver,0.09210511
daydreamer,0.091980904
striptease,0.09148875
asylum,0.09132091
honda,0.09128993
gangster,0.09123124
rockstar,0.09101495
icebreaker,0.090994745
blackjack,0.090937585
jazzercise,0.090908036
sleazebag,0.09084196
moderator,0.09068998
search,0.09066991
clavicle,0.090669155
logbook,0.09057816
handbook,0.090573266
cornerstone,0.090568855
beginner,0.09048112
lodger,0.090373114
balloting,0.09027825
jumpsuit,0.090269394
poorhouse,0.09020968
sacker,0.09017469
tongs,0.09016907
mistress,0.09011499
daybook,0.090071015
sandwich,0.09001194
cashier,0.089943774
houseboy,0.08962397
pallbearer,0.08916079
respondent,0.08906537
amphetamine,0.088840045
waitress,0.08880228
madam,0.088597156
speechmaker,0.08856214
silver,0.08848814
gladiator,0.0884471
bum,0.088402204
duel,0.08838459
mudslinger,0.088349976
confidant,0.08834054
auditor,0.088007316
banking,0.0878319
polygraph,0.08760463
pedicurist,0.08751941
milkmaid,0.08738279
competitor,0.08727796
proprietor,0.08722954
seat,0.087227196
jazzman,0.0871457
phantom,0.08702603
debutante,0.08695061
crush,0.086840816
response,0.08683741
venue,0.0866194
lawyers,0.08652594
board,0.08631271
tonic,0.08618025
plotter,0.08614003
russian,0.08606547
cosmologist,0.08598822
bouncer,0.08581614
psycho,0.08566187
agreement,0.08564647
freelancer,0.08552022
boozer,0.08550361
match,0.08538472
ibuprofen,0.08535019
typesetter,0.08524226
sleuth,0.08519308
pastrami,0.08492459
depositor,0.0848963
monograph,0.08474016
fatigue,0.08451045
labeler,0.08448589
stewardess,0.08441668
venom,0.08438267
d,0.08402654
housemaster,0.08388094
undershorts,0.08380259
debtor,0.083791286
conduct,0.08375419
ketchup,0.083563566
key,0.083254896
orthopedist,0.08314938
mademoiselle,0.08298519
mission,0.08293163
lawyer,0.08289822
raise,0.08259549
processor,0.08249664
diaper,0.08224842
snapshot,0.08223573
attention,0.08201048
cent,0.08196335
invitation,0.081856094
punisher,0.08181047
sports,0.0817846
contender,0.08159359
detector,0.081588775
range,0.08156904
cameo,0.081556894
tip,0.08143762
mars,0.08119857
creator,0.08108958
millionaire,0.08092828
winner,0.08089309
representative,0.08075926
mixer,0.08059294
neckline,0.08054113
flick,0.080502674
cosmonaut,0.08036025
ringside,0.080330685
quiz,0.08011475
showstopper,0.07995814
cap,0.07979174
workhorse,0.079627834
wake,0.07949716
pornographer,0.079495065
enterpriser,0.07949303
womanizer,0.07917764
polyester,0.079123184
rulebook,0.078792654
wristband,0.0787169
marketplace,0.07871391
vaseline,0.078643434
treasury,0.07859316
instructor,0.07853525
female,0.07848603
wielder,0.07818173
automatic,0.07817743
video,0.078154124
dash,0.07802373
wales,0.077897556
urine,0.077448644
gainer,0.07731852
trend,0.07731054
prison,0.07715615
clerk,0.07715067
indian,0.07702013
drug,0.07693055
blip,0.07679168
package,0.076777704
tit,0.07671475
lavatory,0.07650952
sulking,0.07650763
observer,0.07625702
racer,0.07595521
file,0.07576842
revolver,0.075695865
hospitalization,0.07536654
archenemy,0.07531511
clearinghouse,0.075085394
blister,0.07502036
whorehouse,0.074456155
departure,0.07441894
matchmaker,0.0742832
lower,0.07396779
rag,0.07391942
slate,0.07340363
goulash,0.07337676
shakers,0.07311283
batch,0.07310331
tripe,0.07305072
emcee,0.072688706
verdict,0.07257613
takeaway,0.0724654
vacuum,0.072345726
proctologist,0.07230049
sympathizer,0.072280295
adviser,0.072242856
godfather,0.0720882
vest,0.07168926
type,0.07157544
magnet,0.071388856
tv,0.07115801
detailer,0.070656165
webcast,0.070604
clinic,0.07045334
controls,0.070408344
nuke,0.07039802
writer,0.07038705
pawnbroker,0.070209004
scruff,0.07015206
loudmouth,0.070143856
secretary,0.06996087
commando,0.06990788
cinema,0.06983304
platform,0.06962099
rower,0.06961592
butterfat,0.06951244
caption,0.068984374
medication,0.068953685
inflection,0.068945
lieutenant,0.06893157
chronograph,0.0687243
philosophy,0.06868639
mentor,0.0685917
prop,0.068588704
rigger,0.06816382
monitor,0.068141505
debater,0.06777274
billionaire,0.06763479
greenroom,0.06760908
baker,0.06760094
rash,0.06672941
sink,0.0664592
submarine,0.06596613
agency,0.06554128
blogger,0.06547265
nudge,0.06542861
leader,0.06530799
roulette,0.064743094
enchilada,0.06455904
rubdown,0.06453869
copywriter,0.064486325
scribe,0.06441264
pincer,0.064411916
makeup,0.06437498
tracksuit,0.06429837
acetaminophen,0.064260155
participant,0.0642596
veteran,0.064241
whip,0.06387418
terminal,0.06386393
consternation,0.06386044
lockerroom,0.06274664
vr,0.062332086
nachos,0.0623252
joker,0.06225027
suite,0.062183943
cheapskate,0.062119506
maiden,0.062116902
jockstrap,0.06204738
speedball,0.061853945
autobiographer,0.061804157
holder,0.061176863
entrepreneur,0.06117136
duster,0.06075655
cinematographer,0.060750507
counter,0.060296316
warfare,0.05993773
crossbones,0.059834003
english,0.059577867
anger,0.059533097
pioneer,0.059362154
wildcard,0.058911603
walmart,0.058315665
sidecar,0.05831255
courier,0.05824321
cipher,0.05781016
valet,0.057783972
handler,0.057529118
nutshell,0.057497904
suits,0.05670407
gambler,0.056629732
slouch,0.05656477
pain,0.055645555
booker,0.055480484
gel,0.055256903
warrant,0.055118896
contributor,0.055080805
reviewer,0.05470311
execution,0.054576587
typist,0.054401726
scanner,0.05437811
postponement,0.054282892
nosing,0.05400315
shuffler,0.05388885
handmaiden,0.053630877
responder,0.053232737
latch,0.053199843
pigeonhole,0.052577954
fellow,0.05219178
spotlight,0.051572967
counterterrorist,0.051454917
cash,0.05133443
tightwad,0.05111036
america,0.051087797
examination,0.050783202
pimp,0.050420795
slammer,0.05012767
usb,0.04981094
dockworker,0.04917976
bungler,0.04915824
saleswoman,0.048366826
tendonitis,0.04788184
bobble,0.04761432
trajectory,0.04687476
whore,0.046552278
wetsuit,0.04630319
macaroni,0.04615126
stirrer,0.045508794
catapult,0.045472723
crybaby,0.045446746
receipt,0.04483384
nitroglycerine,0.044551615
atm,0.04434467
mousepad,0.04398858
tailor,0.04360772
wizard,0.043584466
suit,0.043477215
plaintiff,0.043388817
centrifuge,0.04306953
pan,0.04257621
commentator,0.04142585
crystalloid,0.040833663
coverall,0.03998083
channel,0.0397377
mogul,0.039590828
rap,0.03893893
heavyweight,0.03771722
titanic,0.037184883
yawner,0.03710183
general,0.036323898
salesman,0.03591462
primer,0.03440873
gripper,0.03246575
boner,0.032431714
denominator,0.03190437
counterfeiter,0.030737406
maker,0.030286053
mexico,0.027952773
sportscaster,0.026943952
hyperventilation,0.026887622
shackle,0.02632666
super,0.026120333
inventor,0.02603437
zipper,0.025840031
butter,0.025193885
screener,0.023855576
press,0.021606397
rouge,0.020342581
rolex,0.019301718
mount,0.019268429
stateroom,0.017939795
slop,0.016996387
basher,0.0131089
european,0.010466511
bunkmate,0.008320053
class,0.0
